{"l_type": "java", "modified_code": null, "solution_code": "public class Solution {--newline--    public String multiply(String num1, String num2) {--newline--        int m = num1.length(), n = num2.length();--newline--        int[] pos = new int[m + n];--newline--       --newline--        for(int i = m - 1; i >= 0; i--) {--newline--            for(int j = n - 1; j >= 0; j--) {--newline--                int mul = (num1.charAt(i) - '0') * (num2.charAt(j) - '0'); --newline--                int p1 = i + j, p2 = i + j + 1;--newline--                int sum = mul + pos[p2];--newline--    --newline--                pos[p1] += sum / 10;--newline--                pos[p2] = (sum) % 10;--newline--            }--newline--        }  --newline--        --newline--        StringBuilder sb = new StringBuilder();--newline--        for(int p : pos) if(!(sb.length() == 0 && p == 0)) sb.append(p);--newline--        return sb.length() == 0 ? \"0\" : sb.toString();--newline--    }--newline--    --newline--}", "total_cases": 311}