{"l_type": "cpp", "modified_code": null, "solution_code": "class AllOne {--newline--public:--newline--    struct Row {--newline--        list<string> strs;--newline--        int val;--newline--        Row(const string &s, int x) : strs({s}), val(x) {}--newline--    };--newline----newline--    unordered_map<string, pair<list<Row>::iterator, list<string>::iterator>> strmap;--newline--    list<Row> matrix;--newline----newline--    /** Initialize your data structure here. */--newline--    AllOne() {--newline--        --newline--    }--newline--    --newline--    /** Inserts a new key <Key> with value 1. Or increments an existing key by 1. */--newline--    void inc(string key) {--newline--        if (strmap.find(key) == strmap.end()) {--newline--            if (matrix.empty() || matrix.back().val != 1) {--newline--                auto newrow = matrix.emplace(matrix.end(), key, 1);--newline--                strmap[key] = make_pair(newrow, newrow->strs.begin());--newline--            }--newline--            else {--newline--                auto newrow = --matrix.end();--newline--                newrow->strs.push_front(key);--newline--                strmap[key] = make_pair(newrow, newrow->strs.begin());--newline--            }--newline--        }--newline--        else {--newline--            auto row = strmap[key].first;--newline--            auto col = strmap[key].second;--newline--            auto lastrow = row;--newline--            --lastrow;--newline--            if (lastrow == matrix.end() || lastrow->val != row->val + 1) {--newline--                auto newrow = matrix.emplace(row, key, row->val + 1);--newline--                strmap[key] = make_pair(newrow, newrow->strs.begin());--newline--            }--newline--            else {--newline--                auto newrow = lastrow;--newline--                newrow->strs.push_front(key);--newline--                strmap[key] = make_pair(newrow, newrow->strs.begin());--newline--            }--newline--            row->strs.erase(col);--newline--            if (row->strs.empty()) matrix.erase(row);--newline--        }--newline--    }--newline--    --newline--    /** Decrements an existing key by 1. If Key's value is 1, remove it from the data structure. */--newline--    void dec(string key) {--newline--        if (strmap.find(key) == strmap.end()) {--newline--            return;--newline--        }--newline--        else {--newline--            auto row = strmap[key].first;--newline--            auto col = strmap[key].second;--newline--            if (row->val == 1) {--newline--                row->strs.erase(col);--newline--                if (row->strs.empty()) matrix.erase(row);--newline--                strmap.erase(key);--newline--                return;--newline--            }--newline--            auto nextrow = row;--newline--            ++nextrow;--newline--            if (nextrow == matrix.end() || nextrow->val != row->val - 1) {--newline--                auto newrow = matrix.emplace(nextrow, key, row->val - 1);--newline--                strmap[key] = make_pair(newrow, newrow->strs.begin());--newline--            }--newline--            else {--newline--                auto newrow = nextrow;--newline--                newrow->strs.push_front(key);--newline--                strmap[key] = make_pair(newrow, newrow->strs.begin());--newline--            }--newline--            row->strs.erase(col);--newline--            if (row->strs.empty()) matrix.erase(row);--newline--        }--newline--    }--newline--    --newline--    /** Returns one of the keys with maximal value. */--newline--    string getMaxKey() {--newline--        return matrix.empty() ?  \"\" : matrix.front().strs.front();--newline--    }--newline--    --newline--    /** Returns one of the keys with Minimal value. */--newline--    string getMinKey() {--newline--        return matrix.empty() ?  \"\" : matrix.back().strs.front();--newline--    }--newline--};--newline--", "total_cases": 15}