{
    "posts": [
        {
            "java": null,
            "is_locked": false,
            "cpp": "class Solution {--newline--    public:--newline--    int removeDuplicates(int A[], int n) {--newline--        if(n < 2) return n;--newline--        int id = 1;--newline--        for(int i = 1; i < n; ++i) --newline--            if(A[i] != A[i-1]) A[id++] = A[i];--newline--        return id;--newline--    }--newline--};",
            "python": null,
            "topic_title": "My Solution : Time O(n), Space O(1)"
        },
        {
            "java": null,
            "is_locked": false,
            "cpp": null,
            "python": null,
            "topic_title": "Share my clean C++ code"
        },
        {
            "java": "public class Solution {--newline--    public int removeDuplicates(int[] nums) {--newline--        int i = nums.length > 0 ? 1 : 0;--newline--        for (int n : nums)--newline--            if (n > nums[i-1])--newline--                nums[i++] = n;--newline--        return i;--newline--    }--newline--}",
            "is_locked": false,
            "cpp": "class Solution {--newline--public:--newline--    int removeDuplicates(vector<int>& nums) {--newline--        int i = !nums.empty();--newline--        for (int n : nums)--newline--            if (n > nums[i-1])--newline--                nums[i++] = n;--newline--        return i;--newline--    }--newline--    --newline--}",
            "python": null,
            "topic_title": "5 lines C++&#x2F;Java, nicer loops"
        },
        {
            "java": "public class Solution {--newline--    public int removeDuplicates(int[] A) {--newline--        if (A.length==0) return 0;--newline--        int j=0;--newline--        for (int i=0; i<A.length; i++)--newline--            if (A[i]!=A[j]) A[++j]=A[i];--newline--        return ++j;--newline--    }--newline--}",
            "is_locked": false,
            "cpp": null,
            "python": null,
            "topic_title": "5 lines Java solution"
        },
        {
            "java": null,
            "is_locked": false,
            "cpp": null,
            "python": "class Solution:--newline----tab--    # @param a list of integers--newline----tab--    # @return an integer--newline----tab--    def removeDuplicates(self, A):--newline----tab--        if not A:--newline----tab--            return 0--newline----tab----newline----tab--        newTail = 0--newline----tab----newline----tab--        for i in range(1, len(A)):--newline----tab--            if A[i] != A[newTail]:--newline----tab--                newTail += 1--newline----tab--                A[newTail] = A[i]--newline----tab----newline----tab--        return newTail + 1",
            "topic_title": "Simple Python solution - O(n)"
        }
    ],
    "qc": "26.json"
}