{
    "posts": [
        {
            "java": "public class Solution {--newline--        public boolean isPowerOfFour(int num) {--newline--            return num > 0 && (num&(num-1)) == 0 && (num & 0x55555555) != 0;--newline--            //0x55555555 is to get rid of those power of 2 but not power of 4--newline--            //so that the single 1 bit always appears at the odd position --newline--        }--newline--}",
            "is_locked": false,
            "cpp": null,
            "python": null,
            "topic_title": "Java 1-line (cheating for the purpose of not using loops)"
        },
        {
            "java": null,
            "is_locked": false,
            "cpp": "class Solution {--newline--public:--newline--    bool isPowerOfFour(int num) {--newline--        return num > 0 && (num & (num - 1)) == 0 && (num - 1) % 3 == 0;--newline--    }--newline--}",
            "python": null,
            "topic_title": "1 line C++ solution without confusing bit manipulations"
        },
        {
            "java": "public class Solution {--newline--    public boolean isPowerOfFour(int num) {--newline--        return (num > 0) && ((num & (num - 1)) == 0) && ((num & 0x55555555) == num);--newline--    }--newline--}--newline--",
            "is_locked": false,
            "cpp": null,
            "python": null,
            "topic_title": "O(1) one-line solution without loops"
        },
        {
            "java": null,
            "is_locked": false,
            "cpp": "class Solution {--newline--public:--newline--    bool isPowerOfFour(int num) {--newline--        return ((num-1)&num)==0 && (num-1)%3==0;--newline--    }--newline--};",
            "python": null,
            "topic_title": "Simple C++ O(1) solution without 0x55555555"
        },
        {
            "java": null,
            "is_locked": false,
            "cpp": "class Solution {--newline--public:           --newline--    bool isPowerOfFour(int num) {--newline--        return !(num & (num - 1)) && (num & 0x55555555);--newline--    }--newline--};",
            "python": null,
            "topic_title": "Simplest C++ solution maybe?"
        }
    ],
    "qc": "342.json"
}