{
    "posts": [
        {
            "java": null,
            "is_locked": false,
            "cpp": "class Solution--newline--{--newline--public:--newline--    int firstMissingPositive(int A[], int n)--newline--    {--newline--        for(int i = 0; i < n; ++ i)--newline--            while(A[i] > 0 && A[i] <= n && A[A[i] - 1] != A[i])--newline--                swap(A[i], A[A[i] - 1]);--newline--        --newline--        for(int i = 0; i < n; ++ i)--newline--            if(A[i] != i + 1)--newline--                return i + 1;--newline--        --newline--        return n + 1;--newline--    }--newline--};",
            "python": null,
            "topic_title": "My short c++ solution, O(1) space, and O(n) time"
        },
        {
            "java": "public class Solution {--newline--     public int firstMissingPositive(int[] A) {--newline--        int n=A.length;--newline--        if(n==0)--newline--            return 1;--newline--        int k=partition(A)+1;--newline--        int temp=0;--newline--        int first_missing_Index=k;--newline--        for(int i=0;i<k;i++){--newline--            temp=Math.abs(A[i]);--newline--            if(temp<=k)--newline--                A[temp-1]=(A[temp-1]<0)?A[temp-1]:-A[temp-1];--newline--        }--newline--        for(int i=0;i<k;i++){--newline--            if(A[i]>0){--newline--                first_missing_Index=i;--newline--                break;--newline--            }--newline--        }--newline--        return first_missing_Index+1;--newline--    }--newline--    --newline--    public int partition(int[] A){--newline--        int n=A.length;--newline--        int q=-1;--newline--        for(int i=0;i<n;i++){--newline--            if(A[i]>0){--newline--                q++;--newline--                swap(A,q,i);--newline--            }--newline--        }--newline--        return q;--newline--    }--newline--    --newline--    public void swap(int[] A, int i, int j){--newline--        if(i!=j){--newline--            A[i]^=A[j];--newline--            A[j]^=A[i];--newline--            A[i]^=A[j];--newline--        }--newline--    }--newline--}",
            "is_locked": false,
            "cpp": null,
            "python": null,
            "topic_title": "Share my O(n) time, O(1) space solution"
        },
        {
            "java": "public class Solution {--newline--    public int firstMissingPositive(int[] A) {--newline--        int i = 0;--newline--        while(i < A.length){--newline--            if(A[i] == i+1 || A[i] <= 0 || A[i] > A.length) i++;--newline--            else if(A[A[i]-1] != A[i]) swap(A, i, A[i]-1);--newline--            else i++;--newline--        }--newline--        i = 0;--newline--        while(i < A.length && A[i] == i+1) i++;--newline--        return i+1;--newline--    }--newline--    --newline--    private void swap(int[] A, int i, int j){--newline--        int temp = A[i];--newline--        A[i] = A[j];--newline--        A[j] = temp;--newline--    }--newline--}",
            "is_locked": false,
            "cpp": null,
            "python": null,
            "topic_title": "O(1) space Java Solution"
        },
        {
            "java": null,
            "is_locked": false,
            "cpp": null,
            "python": null,
            "topic_title": "A very nice solution (from Ants Aasma &#64;stackoverflow)"
        },
        {
            "java": null,
            "is_locked": false,
            "cpp": "class Solution {--newline--public:--newline--    int firstMissingPositive(vector<int>& nums) {--newline--        for(int i=0; i<nums.size(); i++){--newline--            if(i+1==nums[i]) continue;--newline--            int x = nums[i];--newline--            while(x>=1 && x<=nums.size() && x!=nums[x-1]){--newline--                swap(x, nums[x-1]);--newline--            }--newline--        }--newline--        for(int i=0; i<nums.size(); i++){--newline--            if(i+1!=nums[i])    return i+1;--newline--        }--newline--        return nums.size()+1;--newline--    }--newline--};--newline--",
            "python": null,
            "topic_title": "My c++ solution (4 ms)"
        }
    ],
    "qc": "41.json"
}