{
    "posts": [
        {
            "java": "public class Solution {--newline--    public boolean detectCapitalUse(String word) {--newline--        int cnt = 0;--newline--        for(char c: word.toCharArray()) if('Z' - c >= 0) cnt++;--newline--        return ((cnt==0 || cnt==word.length()) || (cnt==1 && 'Z' - word.charAt(0)>=0));--newline--    }--newline--}--newline--",
            "is_locked": false,
            "cpp": null,
            "python": null,
            "topic_title": "3 Lines"
        },
        {
            "java": null,
            "is_locked": false,
            "cpp": null,
            "python": null,
            "topic_title": "In Python, these are called..."
        },
        {
            "java": "public class Solution {--newline--    public boolean detectCapitalUse(String word) {--newline--        return word.matches(\"[A-Z]+|[a-z]+|[A-Z][a-z]+\");--newline--    }--newline--    --newline--}",
            "is_locked": false,
            "cpp": null,
            "python": null,
            "topic_title": "Java 1-Liner"
        },
        {
            "java": "public class Solution {--newline--        public boolean detectCapitalUse(String word) {--newline--            int numUpper = 0;--newline--            for (int i=0;i<word.length();i++)--newline--                if (Character.isUpperCase(word.charAt(i))) numUpper++;--newline--            if (numUpper == 1) return Character.isUpperCase(word.charAt(0));--newline--            return numUpper == 0 || numUpper == word.length();--newline--        }--newline--    --newline--    --newline--}",
            "is_locked": false,
            "cpp": null,
            "python": null,
            "topic_title": "Simple Java Solution O(n) time O(1) space"
        },
        {
            "java": "public class Solution {--newline--    public boolean detectCapitalUse(String word) {--newline--            if (word.length() < 2) return true;--newline--            if (word.toUpperCase().equals(word)) return true;--newline--            if (word.substring(1).toLowerCase().equals(word.substring(1))) return true;--newline--            return false;--newline--    }--newline--    --newline--}",
            "is_locked": false,
            "cpp": null,
            "python": null,
            "topic_title": "Java short solution using built-in String methods"
        }
    ],
    "qc": "520.json"
}